{"stats":{"minecraft:crafted":{"minecraft:crafting_table":1,"regions_unexplored:maple_planks":4},"minecraft:custom":{"minecraft:jump":9,"minecraft:time_since_rest":1701,"minecraft:leave_game":1,"minecraft:crouch_one_cm":258,"minecraft:sprint_one_cm":1690,"minecraft:play_time":1701,"minecraft:damage_taken":100,"minecraft:time_since_death":1701,"minecraft:walk_one_cm":1022,"minecraft:sneak_time":194,"minecraft:total_world_time":1701,"minecraft:fall_one_cm":1774,"minecraft:fly_one_cm":47242},"minecraft:used":{"minecraft:crafting_table":1},"minecraft:picked_up":{"minecraft:crafting_table":1,"minecraft:stick":2,"regions_unexplored:maple_log":1},"minecraft:mined":{"regions_unexplored:maple_log":1,"regions_unexplored:orange_maple_leaves":5,"minecraft:crafting_table":1}},"DataVersion":3465}