{
  "rpg_series:root": {
    "criteria": {
      "always": "2024-10-20 20:19:02 +0000"
    },
    "done": true
  },
  "minecraft:recipes/decorations/crafting_table": {
    "criteria": {
      "unlock_right_away": "2024-10-20 20:19:02 +0000"
    },
    "done": true
  },
  "betterdungeons:root": {
    "criteria": {
      "always": "2024-10-20 20:19:02 +0000"
    },
    "done": true
  },
  "minecraft:adventure/adventuring_time": {
    "criteria": {
      "minecraft:beach": "2024-10-20 20:31:33 +0000",
      "minecraft:dark_forest": "2024-10-20 20:19:05 +0000",
      "minecraft:river": "2024-10-20 20:31:01 +0000",
      "minecraft:ocean": "2024-10-20 20:31:34 +0000"
    },
    "done": false
  },
  "regions_unexplored:parent": {
    "criteria": {
      "load_in_world": "2024-10-20 20:19:05 +0000"
    },
    "done": true
  },
  "biomesoplenty:biomesoplenty/all_biomes": {
    "criteria": {
      "shrubland": "2024-10-20 20:31:35 +0000",
      "rocky_shrubland": "2024-10-20 20:30:57 +0000",
      "highland": "2024-10-20 20:31:09 +0000",
      "marsh": "2024-10-20 20:31:16 +0000",
      "orchard": "2024-10-20 20:31:03 +0000",
      "grassland": "2024-10-20 20:30:52 +0000",
      "crag": "2024-10-20 20:19:21 +0000"
    },
    "done": false
  },
  "biomesoplenty:biomesoplenty/root": {
    "criteria": {
      "crag": "2024-10-20 20:19:21 +0000"
    },
    "done": true
  },
  "DataVersion": 3465
}